-- MySQL dump 10.13  Distrib 8.0.45, for Linux (x86_64)
--
-- Host: localhost    Database: ANGELA
-- ------------------------------------------------------
-- Server version	8.0.45-0ubuntu0.22.04.1

/*!40101 SET @OLD_CHARACTER_SET_CLIENT=@@CHARACTER_SET_CLIENT */;
/*!40101 SET @OLD_CHARACTER_SET_RESULTS=@@CHARACTER_SET_RESULTS */;
/*!40101 SET @OLD_COLLATION_CONNECTION=@@COLLATION_CONNECTION */;
/*!50503 SET NAMES utf8mb4 */;
/*!40103 SET @OLD_TIME_ZONE=@@TIME_ZONE */;
/*!40103 SET TIME_ZONE='+00:00' */;
/*!40014 SET @OLD_UNIQUE_CHECKS=@@UNIQUE_CHECKS, UNIQUE_CHECKS=0 */;
/*!40014 SET @OLD_FOREIGN_KEY_CHECKS=@@FOREIGN_KEY_CHECKS, FOREIGN_KEY_CHECKS=0 */;
/*!40101 SET @OLD_SQL_MODE=@@SQL_MODE, SQL_MODE='NO_AUTO_VALUE_ON_ZERO' */;
/*!40111 SET @OLD_SQL_NOTES=@@SQL_NOTES, SQL_NOTES=0 */;

--
-- Table structure for table `Doctors`
--

DROP TABLE IF EXISTS `Doctors`;
/*!40101 SET @saved_cs_client     = @@character_set_client */;
/*!50503 SET character_set_client = utf8mb4 */;
CREATE TABLE `Doctors` (
  `Doctor_ID` int NOT NULL,
  `Name` varchar(50) NOT NULL,
  `DOB` date NOT NULL,
  `Address` varchar(200) DEFAULT NULL,
  `Role` varchar(20) NOT NULL,
  `Hospital_ID` int NOT NULL,
  PRIMARY KEY (`Doctor_ID`),
  KEY `Hospital_ID` (`Hospital_ID`),
  CONSTRAINT `Doctors_ibfk_1` FOREIGN KEY (`Hospital_ID`) REFERENCES `Hospital` (`Hospital_ID`)
) ENGINE=InnoDB DEFAULT CHARSET=utf8mb4 COLLATE=utf8mb4_0900_ai_ci;
/*!40101 SET character_set_client = @saved_cs_client */;

--
-- Dumping data for table `Doctors`
--

LOCK TABLES `Doctors` WRITE;
/*!40000 ALTER TABLE `Doctors` DISABLE KEYS */;
INSERT INTO `Doctors` VALUES (1,'Dr. Joshua Wright','1971-10-11','291 Davis Drives Lake Sueside, MI 33513','Doctor',22),(2,'Dr. Ashley Hooper','1991-12-19','34614 Trevino Camp Andrewside, VT 84933','Doctor',23),(3,'Dr. Michael Robinson','1968-09-24','12118 Fields Skyway Suite 213 West Carolynport, RI 59587','Doctor',2),(4,'Dr. Brittany Zuniga','1970-09-11','16577 Martinez Estate Jennifershire, IL 24006','Doctor',7),(5,'Dr. Lisa Gonzalez','1971-08-28','555 Torres Loop Reynoldsstad, SD 73282','Doctor',30),(6,'Dr. Sarah Wolf','1978-08-29','876 Roman Crossing Suite 290 East Connie, NH 60292','Doctor',6),(7,'Dr. Lisa Sheppard','1985-12-07','1188 Thomas Orchard Davisburgh, HI 53529','Doctor',25),(8,'Dr. Tanner Reynolds','1967-04-21','54768 Richard Forges Roachfurt, SD 28228','Doctor',1),(9,'Dr. Jerry Keller','1960-12-03','4616 Rachel Streets Angelahaven, ID 86133','Doctor',20),(10,'Dr. Scott Hopkins','1971-01-31','034 Jacob Cape Lake Coreyport, CT 03360','Doctor',21),(11,'Dr. Angela Key','1980-10-21','043 Robinson Underpass Marcusmouth, SD 90074','Doctor',19),(12,'Dr. Corey Garcia','1964-10-15','015 David Neck New Katieville, PA 22149','Doctor',19),(13,'Dr. Joseph Lee','1975-09-03','55687 Stefanie Inlet Jordanburgh, OR 64023','Doctor',31),(14,'Dr. Blake Johnson','1968-04-11','628 Matthew Fall Port Melissastad, MD 23280','Doctor',13),(15,'Dr. Michael Johnson','1984-04-09','USS Watson FPO AA 82825','Doctor',20),(16,'Dr. Tiffany Gomez','1985-12-01','2493 Melanie Squares Apt. 129 Masonfort, AR 28539','Doctor',18),(17,'Dr. Kimberly Wilson','1991-07-02','73292 Adrian Mall Kevinmouth, WI 67991','Doctor',26),(18,'Dr. Kathryn Ray','1960-12-30','568 Ricky Vista Apt. 449 Michaelville, NM 77958','Doctor',11),(19,'Dr. Taylor Sanchez','1969-02-16','94380 Richard Isle Apt. 359 Lake Brittanyland, IA 45857','Doctor',6),(20,'Dr. Noah Miller','1968-08-18','90569 Moore Expressway Apt. 529 South James, PA 55545','Doctor',3),(21,'Dr. Sandra Saunders','1982-02-10','899 Kathleen Plaza Jamesmouth, IL 71611','Doctor',2),(22,'Dr. Zachary Ellis','1981-02-24','999 Jill Pine Apt. 761 Janetside, MI 01766','Doctor',40),(23,'Dr. Barbara Valenzuela','1978-10-16','384 House Knolls Suite 376 Ronaldborough, TN 68475','Doctor',27),(24,'Dr. Carl Jones','1990-09-18','22790 Mendez Parks North Thomasville, CO 88707','Doctor',34),(25,'Dr. Kyle Peters','1963-08-01','72116 Campbell Creek North Jerry, MI 58092','Doctor',36),(26,'Dr. Cynthia Hanson','1984-10-13','88144 Burton Brooks Apt. 549 Christopherberg, ND 93870','Doctor',20),(27,'Dr. Mary Lopez','1983-03-21','77074 Mcconnell Flats Suite 646 East Guyburgh, VA 82300','Doctor',40),(28,'Dr. Jacqueline Fox','1968-09-10','335 Mary Lodge Jonesville, WA 75800','Doctor',6),(29,'Dr. Alvin Nelson','1966-11-02','96916 Steven Burg Apt. 596 Tiffanyshire, AR 79273','Doctor',1),(30,'Dr. Lindsay Hamilton','1976-08-26','265 Glen Rapid Lake Gordon, LA 49453','Doctor',26),(31,'Dr. Kimberly Weber','1990-04-01','394 Short Parks Suite 905 Lake Janebury, NH 02937','Doctor',2),(32,'Dr. Taylor Bishop','1969-04-17','9852 Kyle Camp Suite 299 Carolineport, OH 45618','Doctor',12),(33,'Dr. Mary Miller','1980-04-30','2261 Rodriguez Lock Apt. 630 Lake Amberchester, NM 35074','Doctor',5),(34,'Dr. Katherine Rojas','1994-01-11','53572 John Haven Richardsonville, OK 76709','Doctor',39),(35,'Dr. Jeff Turner','1985-11-06','USCGC Parker FPO AP 45087','Doctor',24),(36,'Dr. Jennifer Peterson DVM','1974-04-01','588 Rebecca Club Apt. 910 West Austin, NE 81657','Doctor',34),(37,'Dr. Brian Brown','1967-07-29','52948 Amy Cape Suite 146 Fergusontown, ID 01774','Doctor',38),(38,'Dr. Mark Martin','1968-11-24','29165 Nelson Turnpike West Christine, DE 83065','Doctor',21),(39,'Dr. Bradley Smith','1963-07-18','7910 Cook Freeway Apt. 722 Mayotown, PA 82015','Doctor',15),(40,'Dr. Corey Espinoza','1962-04-23','658 Danielle Square Alyssamouth, DC 87643','Doctor',24),(41,'Dr. Brooke Skinner','1968-08-25','5044 Williams Island Ashleyton, IN 53838','Doctor',33),(42,'Dr. Nathaniel Meyer','1978-01-20','852 Jeanette Overpass West Christinefurt, NY 34039','Doctor',40),(43,'Dr. Margaret Alexander','1970-12-10','USNS Campbell FPO AA 52174','Doctor',37),(44,'Dr. Sharon Cohen','1984-05-14','USCGC Rodriguez FPO AP 27853','Doctor',4),(45,'Dr. Calvin Howell','1983-01-27','USS Martin FPO AP 72819','Doctor',23),(46,'Dr. Victoria Collins','1983-10-25','735 Ethan Lodge Suite 240 Valdezborough, KY 30811','Doctor',26),(47,'Dr. Erica Holloway','1963-06-13','0132 James Keys Suite 932 North Adrianaton, UT 64490','Doctor',23),(48,'Dr. Keith Stewart','1989-10-22','USNS West FPO AE 02522','Doctor',35),(49,'Dr. Lauren Deleon','1960-03-07','324 Neal Wells Apt. 964 Wangside, IA 51484','Doctor',29),(50,'Dr. Dwayne Sosa','1959-08-08','9868 Michael Ranch Port Allison, WY 29936','Doctor',15),(51,'Dr. Jody Meadows','1986-05-20','653 Dennis Terrace Suite 801 New Nicholas, GA 53396','Doctor',16),(52,'Dr. James Yang','1974-08-31','2116 Ferguson Motorway Apt. 653 New Jamesberg, OH 18934','Doctor',29),(53,'Dr. Suzanne Hodges','1965-09-16','870 Kaitlin Flat North Stephen, CT 47834','Doctor',30),(54,'Dr. Kayla Aguilar','1989-10-30','510 Thompson Points Port Hannah, TX 50857','Doctor',25),(55,'Dr. John Simon','1969-02-11','066 Ibarra Freeway Crystalside, ID 72530','Doctor',4),(56,'Dr. Tonya Fletcher DDS','1982-05-31','001 Jamie Haven Apt. 830 Weberton, GA 88082','Doctor',3),(57,'Dr. Nicole Walsh','1977-08-10','8971 Brown Island Suite 066 Sotofurt, AZ 13503','Doctor',10),(58,'Dr. Maria Shah','1987-03-16','828 West Way Audreyshire, AL 00762','Doctor',13),(59,'Dr. Devin Cox','1971-01-28','509 Andrea Lights Apt. 811 Sotoborough, NJ 24799','Doctor',25),(60,'Dr. Lori Osborne','1991-03-14','PSC 0376, Box 2591 APO AP 15885','Doctor',27),(61,'Dr. Destiny Salinas','1964-03-22','74425 Julie Plaza Apt. 882 Port Aaronshire, MN 21576','Doctor',17),(62,'Dr. Richard Martin','1991-03-10','65275 Melton Road East Christian, MI 40647','Doctor',38),(63,'Dr. Jamie Brooks','1974-07-04','4832 Underwood Parkway Apt. 208 Dianamouth, VA 44119','Doctor',33),(64,'Dr. Dana Brown','1990-06-15','8810 Jones Unions Ericland, MT 26073','Doctor',28),(65,'Dr. Haley Long','1960-11-28','985 Perez Rapids Suite 695 Port Barbaramouth, WA 90043','Doctor',23),(66,'Dr. Jennifer Day','1972-11-26','USNV Hamilton FPO AP 31601','Doctor',13),(67,'Dr. Shirley Willis','1991-05-06','9882 Williams Forge South Roberto, RI 33587','Doctor',30),(68,'Dr. Hannah Sullivan','1990-06-26','6917 Weber Pike Apt. 349 Lake Colleenton, MD 94563','Doctor',5),(69,'Dr. Michael Horton','1962-10-22','263 Stephen Stravenue Suite 460 North Eric, NH 26218','Doctor',10),(70,'Dr. Cody Mason','1974-02-05','PSC 7491, Box 9858 APO AE 48980','Doctor',38),(71,'Dr. Kaitlyn Fowler','1969-01-02','743 Nash Knoll Port Daniel, MO 71334','Doctor',3),(72,'Dr. Kimberly Sims','1992-05-12','62631 Jones Forest North Mollyshire, DE 24897','Doctor',17),(73,'Dr. Regina Ryan','1978-02-21','918 Ray Knoll Barbaraville, CO 85908','Doctor',11),(74,'Dr. William Walter','1963-12-27','12637 Norris Mountain Apt. 038 Denisetown, TX 34198','Doctor',29),(75,'Dr. Jacob Hardy','1965-06-27','93931 Crystal Cliff Apt. 289 North Cherylstad, AK 07452','Doctor',34),(76,'Dr. Ashley Chen','1980-12-03','416 Scott Orchard Theodorehaven, AZ 82904','Doctor',29),(77,'Dr. Mackenzie Moore','1981-10-13','8207 Lori Plains Hansenland, OR 06898','Doctor',28),(78,'Dr. Amy Crawford','1968-11-27','3770 Joe Summit North Brianberg, OR 59267','Doctor',39),(79,'Dr. Ashley Woods','1984-09-12','702 Stacey Harbor New Anthonymouth, MD 89762','Doctor',18),(80,'Dr. Edward Harrington','1973-08-10','30102 Tammy Neck Apt. 708 Jenniferborough, KY 94249','Doctor',34),(81,'Dr. Melissa Moss','1968-10-14','411 Stephen Cape Apt. 768 Lake Richardmouth, LA 39603','Doctor',17),(82,'Dr. Jonathan Aguirre','1975-09-28','55852 Rebecca Place Apt. 469 Lorishire, OR 39345','Doctor',13),(83,'Dr. James Cross','1989-06-11','4576 Thompson Rest Apt. 617 West Lisa, IN 33033','Doctor',7),(84,'Dr. Shawn Baker','1990-12-17','1229 Jennifer Way Colemanborough, AZ 38949','Doctor',17),(85,'Dr. John Brown','1973-12-28','USNS Hamilton FPO AA 52099','Doctor',26),(86,'Dr. Alison Adams','1991-07-08','66687 Shannon Crescent Lake Abigailton, MN 14507','Doctor',34),(87,'Dr. Elizabeth Gonzalez','1962-07-18','33913 Brennan Loop Suite 685 Port Danielletown, CT 63129','Doctor',13),(88,'Dr. Carly Moyer','1975-05-06','3695 David Row Suite 891 New Valerieberg, DC 85401','Doctor',11),(89,'Dr. Kyle Mckenzie','1975-12-13','PSC 4067, Box 4168 APO AE 78620','Doctor',19),(90,'Dr. Brandon Brooks','1976-04-27','29343 Tate Passage West Brianchester, CT 51028','Doctor',29),(91,'Dr. Mark Craig','1968-09-22','623 Mitchell Harbors Apt. 053 Matthewsstad, OK 91551','Doctor',34),(92,'Dr. Robin Shaw','1992-04-25','6964 Reynolds Lakes Apt. 746 Lake Josephborough, IN 05933','Doctor',24),(93,'Dr. Rachel Clements','1994-02-12','4335 Anderson Vista East Eric, LA 73792','Doctor',37),(94,'Dr. Charles Young','1985-02-15','7918 Joel Motorway East Lisa, IL 40631','Doctor',31),(95,'Dr. Cindy Pugh','1989-08-23','9327 Jennifer Centers Suite 291 West Mary, GA 68377','Doctor',7),(96,'Dr. Shaun Morrison','1980-04-06','96138 Reid Lane Suite 380 South Kristyside, SD 49157','Doctor',23),(97,'Dr. Jordan Cruz','1981-01-30','456 Sullivan Spur Kennethville, TX 17742','Doctor',20),(98,'Dr. Christian Lewis','1967-02-17','164 Allen Station Apt. 389 Lake Jose, CO 24524','Doctor',1),(99,'Dr. Scott Reynolds','1969-08-21','70926 Elizabeth Loop West Amanda, TN 46308','Doctor',11),(100,'Dr. Randy Navarro','1969-04-03','08980 Doyle Falls Scottburgh, NJ 91258','Doctor',31);
/*!40000 ALTER TABLE `Doctors` ENABLE KEYS */;
UNLOCK TABLES;

--
-- Table structure for table `Hospital`
--

DROP TABLE IF EXISTS `Hospital`;
/*!40101 SET @saved_cs_client     = @@character_set_client */;
/*!50503 SET character_set_client = utf8mb4 */;
CREATE TABLE `Hospital` (
  `Hospital_ID` int NOT NULL,
  `Name` varchar(50) NOT NULL,
  `Address` varchar(60) NOT NULL,
  `Size` int NOT NULL,
  `Type` varchar(20) NOT NULL,
  `Accreditation_status` varchar(50) NOT NULL,
  PRIMARY KEY (`Hospital_ID`)
) ENGINE=InnoDB DEFAULT CHARSET=utf8mb4 COLLATE=utf8mb4_0900_ai_ci;
/*!40101 SET character_set_client = @saved_cs_client */;

--
-- Dumping data for table `Hospital`
--

LOCK TABLES `Hospital` WRITE;
/*!40000 ALTER TABLE `Hospital` DISABLE KEYS */;
INSERT INTO `Hospital` VALUES (1,'Acevedo-Lee Hospital','2696 Robinson Flat Lake Nicholas, ID 92919',169,'Community','Not Accredited'),(2,'Kramer LLC Hospital','86649 Michael Groves Jonesmouth, VA 80169',72,'Specialty','Accredited'),(3,'Le-Adkins Hospital','59769 Williams Meadows Apt. 326 South Lynnmouth, TX 78053',61,'Teaching','Accredited'),(4,'Warren-Vasquez Hospital','70076 Johnathan Station Suite 610 North Kathryn, RI 46802',169,'Community','Not Accredited'),(5,'Gonzalez PLC Hospital','2315 Mark Road Apt. 063 Debraview, MA 58537',187,'Research','Accredited'),(6,'Stewart Inc Hospital','73353 Michael Street Perezside, WI 28232',253,'General','Not Accredited'),(7,'Lewis-Stewart Hospital','PSC 4616, Box 9510 APO AE 00542',277,'Community','Accredited'),(8,'Simmons Inc Hospital','Unit 6671 Box 3994 DPO AE 67796',60,'General','Accredited'),(9,'Pope, Clark and Serrano Hospital','2297 Rodney Plains Lake Rickyview, KS 26881',326,'Research','Not Accredited'),(10,'Levy and Sons Hospital','1854 Mccullough Circle Suite 703 Lake Angelatown, UT 16146',323,'Community','Accredited'),(11,'Peters, Anderson and Baker Hospital','7391 Kristin Mountains Apt. 918 South Phillipbury, MO 02536',494,'Teaching','Not Accredited'),(12,'Anderson Inc Hospital','27254 Garcia Manor Riveraville, WY 42333',451,'Research','Accredited'),(13,'Elliott LLC Hospital','57108 Tran Valley Apt. 893 North Thomas, NE 36876',63,'General','Accredited'),(14,'Hughes Ltd Hospital','3885 Micheal Track Christopherberg, WA 75238',86,'Teaching','Not Accredited'),(15,'Howard-Cooper Hospital','704 Mcdaniel Port Apt. 368 Port Briannachester, AZ 29518',157,'Specialty','Not Accredited'),(16,'Lopez-Campbell Hospital','7158 Glover Villages Apt. 583 East Brooke, DC 83209',139,'Teaching','Accredited'),(17,'Sullivan, Hayes and Arellano Hospital','36505 Buck Creek Apt. 250 Lake Dawnport, MS 64342',451,'Research','Not Accredited'),(18,'Francis, Wood and Wilson Hospital','204 Brittany Plains New Jerrytown, NC 73238',457,'Teaching','Not Accredited'),(19,'Baker, Figueroa and Carlson Hospital','875 Penny Terrace Suite 010 Port Tricia, AL 35057',354,'Research','Accredited'),(20,'Garcia-Hunter Hospital','11032 Roger Square Suite 963 North Laura, WI 65476',52,'Specialty','Accredited'),(21,'Owens Ltd Hospital','4176 Travis Circles Victormouth, DE 39528',399,'General','Not Accredited'),(22,'Walker Inc Hospital','914 Thomas Fall West Peter, MI 47168',359,'General','Accredited'),(23,'Hatfield, Mccall and Carr Hospital','12750 Patterson Mountains Davidstad, DC 04882',119,'Teaching','Accredited'),(24,'King-Dillon Hospital','99321 Gary Valleys Suite 486 Nicholasview, MI 17441',334,'Community','Not Accredited'),(25,'Dominguez, Martin and Harris Hospital','622 Knapp Tunnel Apt. 286 South Paulberg, AZ 99109',232,'Teaching','Not Accredited'),(26,'Ingram Group Hospital','1699 Nancy Extension Watersbury, AR 96984',377,'Community','Accredited'),(27,'Krause, Gonzalez and Morgan Hospital','2703 Alvarado Bridge Brendahaven, NM 79989',112,'Teaching','Accredited'),(28,'Mitchell and Sons Hospital','USCGC Morgan FPO AA 91133',464,'Specialty','Not Accredited'),(29,'Williamson-Middleton Hospital','USNV Clark FPO AP 37452',97,'Specialty','Accredited'),(30,'Riley, Porter and Woods Hospital','109 Leon Pass Suite 772 Amyview, IN 95368',449,'Specialty','Not Accredited'),(31,'Walsh, Bailey and Robinson Hospital','2622 Reed Pines Apt. 584 East Maryberg, NM 20641',163,'Research','Accredited'),(32,'Munoz, Bass and Mann Hospital','2498 Daniel Drives Flynnville, TX 53678',394,'Teaching','Accredited'),(33,'Edwards-Roberson Hospital','57866 Michelle Lodge Suite 727 South Robinburgh, NH 17963',406,'Teaching','Not Accredited'),(34,'Miller and Sons Hospital','25085 Jason Ranch Suite 525 New Amandabury, NH 33782',256,'Research','Accredited'),(35,'Martinez Group Hospital','3546 Sierra Mews Apt. 087 North Sarah, DE 98610',180,'General','Accredited'),(36,'Parrish-Ramirez Hospital','408 Johnson Extensions New Lindsey, DC 89090',407,'Specialty','Accredited'),(37,'Bradshaw, Munoz and Lam Hospital','9051 Rodriguez Inlet Suite 509 East Markside, NE 83439',190,'General','Not Accredited'),(38,'Evans-Jordan Hospital','75830 Nichols Radial Suite 392 North Danielleburgh, MO 28500',295,'Specialty','Accredited'),(39,'Tucker-French Hospital','05382 Gillespie Mill Suite 745 West Patrick, MN 53544',289,'Research','Accredited'),(40,'Carpenter, Nichols and Lara Hospital','989 Bentley Wells North Debbie, TX 43548',284,'General','Not Accredited');
/*!40000 ALTER TABLE `Hospital` ENABLE KEYS */;
UNLOCK TABLES;

--
-- Table structure for table `Patients`
--

DROP TABLE IF EXISTS `Patients`;
/*!40101 SET @saved_cs_client     = @@character_set_client */;
/*!50503 SET character_set_client = utf8mb4 */;
CREATE TABLE `Patients` (
  `Patient_ID` int NOT NULL,
  `Name` varchar(50) NOT NULL,
  `DOB` date NOT NULL,
  `Doctor_id` int NOT NULL,
  PRIMARY KEY (`Patient_ID`),
  KEY `Doctor_id` (`Doctor_id`),
  CONSTRAINT `Patients_ibfk_1` FOREIGN KEY (`Doctor_id`) REFERENCES `Doctors` (`Doctor_ID`)
) ENGINE=InnoDB DEFAULT CHARSET=utf8mb4 COLLATE=utf8mb4_0900_ai_ci;
/*!40101 SET character_set_client = @saved_cs_client */;

--
-- Dumping data for table `Patients`
--

LOCK TABLES `Patients` WRITE;
/*!40000 ALTER TABLE `Patients` DISABLE KEYS */;
INSERT INTO `Patients` VALUES (101,'Anna Gregory','1963-07-10',42),(102,'Jeremiah Leonard','2023-11-04',68),(103,'Debra Wise DDS','1960-07-14',23),(104,'Yvonne Powers','1998-03-09',13),(105,'April Jones','1957-12-05',14),(106,'Eugene Campbell','1975-10-12',87),(107,'Brian Orr','1964-12-30',35),(108,'Melissa Steele','1945-01-01',67),(109,'Andrew Woods','2024-02-16',71),(110,'Cynthia Weaver','2002-11-02',68),(111,'Janet Olsen','1957-04-12',90),(112,'Samantha Burke','1983-10-09',79),(113,'Michael Burgess','2020-07-24',61),(114,'Blake Ferguson','2011-05-25',34),(115,'Jonathan Garcia','1986-07-17',26),(116,'Cory Brown','1981-12-23',74),(117,'Crystal Long','1969-12-05',58),(118,'Joe Frye','1996-02-14',19),(119,'Timothy Brady','2017-10-09',23),(120,'Thomas Johnson','1993-03-22',71),(121,'Derek Perry','2023-09-30',34),(122,'Allen Gonzales','1935-06-05',74),(123,'Chad Weiss','1978-02-03',67),(124,'Catherine Jackson','1938-10-28',98),(125,'Christopher Mullen','1993-11-21',59),(126,'Angela Holder','1986-01-05',39),(127,'Ryan Wood','1966-06-04',49),(128,'Jeff Higgins','1941-06-24',58),(129,'Lisa Mack DDS','1988-10-22',98),(130,'Alfred Tran','1978-01-15',96),(131,'Todd Gray','1942-09-27',13),(132,'Mark Johnston','1936-12-28',48),(133,'Ian Keller','1998-12-04',53),(134,'Shane Jensen','2004-03-24',7),(135,'Dustin Garcia PhD','2018-10-10',64),(136,'Sandra Weaver','1947-11-17',66),(137,'Brittany Lee','1976-10-27',24),(138,'Erin Fox','2000-08-14',20),(139,'Laura Thompson','1999-11-30',78),(140,'Daniel Livingston','1998-05-07',4),(141,'David Campbell','1985-05-14',100),(142,'James Hobbs','1986-02-14',59),(143,'Gabriel Roberson','1981-08-19',46),(144,'Alexander Sawyer','2003-10-07',92),(145,'Vanessa Hernandez','1944-08-20',32),(146,'Samantha Barker','1963-04-02',93),(147,'Lindsay Roman','1984-08-03',34),(148,'Kimberly Bryant','1938-05-01',56),(149,'David Benson','1966-10-19',59),(150,'Alexander Coleman','1941-10-28',34),(151,'Michele Ross','1955-08-13',3),(152,'Mason Montgomery','1964-08-26',95),(153,'Melissa Duncan','1973-10-08',85),(154,'Diana Waters','1938-09-28',100),(155,'Anthony Shannon','1986-12-09',67),(156,'William Tran','1943-02-25',59),(157,'John Craig','1987-11-22',20),(158,'Gregory Whitaker','1984-09-17',90),(159,'Dana Miranda','1979-05-12',12),(160,'Donna Spencer','2006-06-15',78),(161,'Miguel Green','1994-01-17',51),(162,'Michelle Best','1980-03-21',55),(163,'Jamie Macdonald','1968-04-28',74),(164,'Kenneth Page','2014-03-24',59),(165,'Mary Gentry','1941-05-21',97),(166,'Amy Henry','2018-07-15',8),(167,'Evan Copeland','2017-10-29',25),(168,'Melissa Mitchell','1958-09-24',95),(169,'Amanda Bailey','1942-11-26',55),(170,'Amanda Reed','1995-11-22',73),(171,'Lisa Castillo','1943-06-21',38),(172,'Richard Kent','2014-08-16',47),(173,'Andrew Washington','1975-06-27',99),(174,'Micheal Frazier','1942-05-26',90),(175,'Willie Newman','1962-06-18',54),(176,'Matthew Smith','2002-01-11',27),(177,'Kimberly Warner','1959-08-28',77),(178,'Dustin Pacheco','1995-02-26',70),(179,'Brittney Davis','1955-11-13',58),(180,'Kayla Sanchez','2019-11-16',61),(181,'Angel Williams','2010-10-24',45),(182,'Ellen James','1987-02-07',41),(183,'Douglas Harris','1942-09-06',73),(184,'Christopher Berg','2003-11-06',77),(185,'Nathan Banks','1996-02-17',78),(186,'John Taylor','1969-05-18',15),(187,'Sabrina Ferrell','1984-11-04',96),(188,'Joshua Harrison','1945-07-07',93),(189,'Joan Nash','1937-08-05',18),(190,'Patricia Meadows','1945-11-30',31),(191,'Alexandra Fleming','2022-07-04',33),(192,'Bradley Parker','1982-02-28',65),(193,'Thomas Lambert','1971-06-12',62),(194,'Benjamin Moody','1947-06-11',92),(195,'Jennifer Murphy','1970-11-27',80),(196,'James Young','2024-05-01',94),(197,'Carmen Suarez DVM','1968-12-18',33),(198,'Matthew Horton','2004-06-13',44),(199,'Michael Cox','1976-04-16',58),(200,'Mark Fitzpatrick','1993-09-02',70),(201,'Miranda Griffith','2003-02-20',94),(202,'Nicole Key','2007-01-16',30),(203,'Sean Miller','1957-10-21',1),(204,'Blake Gomez','2024-07-07',12),(205,'Nicholas Grant Jr.','1960-04-15',38),(206,'Holly Garcia','1988-02-05',36),(207,'Joshua James','1996-07-06',67),(208,'Matthew Jones','1936-10-01',43),(209,'Lindsay Andrews','2024-12-22',61),(210,'Elijah Torres','1949-03-20',2),(211,'Deanna Alexander','1937-06-13',47),(212,'Tonya Brooks','2016-04-24',49),(213,'Dr. Susan Wheeler MD','1971-02-22',6),(214,'Charles Foley','1934-06-24',93),(215,'Kari Moss','1990-09-28',43),(216,'Pamela Ballard','2004-12-25',83),(217,'Mallory Thompson','1955-11-26',95),(218,'Linda Chapman','1935-01-13',65),(219,'Carlos Moore','1935-05-24',62),(220,'Bradley Collins','1994-11-27',62),(221,'Nancy Perez','1966-10-03',98),(222,'Larry Escobar','1973-06-02',86),(223,'Gilbert Holt','2023-08-16',75),(224,'James Wells DVM','1970-07-12',96),(225,'Monica Austin','1982-08-04',50),(226,'Mark Diaz','1969-12-20',44),(227,'Kelsey Roth','2010-05-20',49),(228,'Diamond Gray','1993-02-02',92),(229,'Edward Wilson','1992-03-14',11),(230,'Nina Howard DVM','1976-10-30',54),(231,'Mr. Cory Mcdaniel DDS','1954-01-08',67),(232,'Jeffrey Howard','2013-06-11',65),(233,'Nicole Bennett','2000-07-19',43),(234,'Michael Edwards MD','1940-12-05',84),(235,'Brooke Jennings','1946-01-18',43),(236,'Anna Shelton','1986-10-29',87),(237,'Tami Tyler','1975-02-22',43),(238,'John Beck','2009-04-14',56),(239,'Bruce Briggs','1985-12-15',44),(240,'William Barnett','2002-03-06',99),(241,'Courtney Anderson','1958-01-20',94),(242,'Corey Grant','1941-08-17',57),(243,'Chris Ortiz','2004-07-17',33),(244,'Olivia Chapman','1958-04-18',78),(245,'Destiny Perez','1935-03-01',83),(246,'Johnny Miller','1973-06-15',100),(247,'Heather Williams','1976-12-01',8),(248,'Mary Carter','1971-03-02',72),(249,'Jason Rose','1947-08-04',18),(250,'Michelle Wang','1948-11-24',94),(251,'Jonathan Jones','1966-05-15',77),(252,'John Gilbert','1970-12-06',95),(253,'Ryan Nielsen','1999-11-10',42),(254,'Sean Huang','2005-07-28',36),(255,'Gregory Reynolds','1943-08-13',36),(256,'Mrs. Judy Lane','2018-09-04',36),(257,'Michelle Webb','1937-04-21',45),(258,'Kimberly Jennings','2005-08-25',83),(259,'Sheila Yu DVM','1991-01-03',19),(260,'Dave Soto','1992-02-21',11),(261,'Cheryl Bell','1957-02-16',1),(262,'Stephanie Bailey','1982-06-07',88),(263,'Tammy Moore','2013-06-09',22),(264,'Hunter Smith','1950-04-02',57),(265,'Bryan Harris','1943-06-02',17),(266,'Michael Kane','1939-11-23',81),(267,'Ashley Howell','2001-04-09',6),(268,'James White','1977-08-20',36),(269,'Christina Phillips','1980-04-20',86),(270,'Sara Smith','2019-01-23',17),(271,'Dr. Jennifer Garcia MD','2007-08-13',84),(272,'Maria Nicholson','2015-09-19',70),(273,'Joshua Willis','1985-04-15',44),(274,'Robert Lynch','1951-07-24',53),(275,'Taylor Hamilton','1944-08-19',89),(276,'John Page','2025-02-13',22),(277,'Kimberly Moreno','2003-03-03',94),(278,'Dr. Shane Jenkins','1971-06-22',97),(279,'Christina Reed','1952-09-25',62),(280,'Debbie Holmes','1969-12-14',41),(281,'Ashley Chan','1973-06-21',36),(282,'Paul Hanson','1980-04-21',36),(283,'Ricardo Lamb','1967-12-17',71),(284,'Timothy Garcia','1946-07-10',75),(285,'Robert Lee','1941-11-07',100),(286,'David Hodges','2000-10-01',25),(287,'George Riddle','2013-03-30',32),(288,'Alicia Osborne','1975-01-26',55),(289,'Amber Reyes','2009-11-10',37),(290,'Kayla Anthony','1962-03-03',92),(291,'Kristi Johnson','1952-09-08',4),(292,'Joseph Mathews','1947-06-25',19),(293,'Robert Spencer','1940-04-28',59),(294,'Morgan Parker','1945-07-31',80),(295,'Mr. Andrew Harvey','1969-03-01',70),(296,'Roger Arroyo','1962-01-07',2),(297,'Michael Kane','2010-07-08',87),(298,'Erika Barnett','1967-12-13',58),(299,'Anita Fleming','2008-06-06',71),(300,'Michael Powell','2006-09-17',38),(301,'Michelle Stanton','1962-01-22',19),(302,'Jonathan Welch','1963-11-30',29),(303,'Bryan Marks','1955-09-14',3),(304,'Sonia Schroeder','1990-02-04',35),(305,'Jennifer Moreno','1944-08-20',64),(306,'Andrea Carter','1966-12-09',15),(307,'Corey Smith','1981-08-01',38),(308,'Tami Fields','1994-11-12',21),(309,'Denise Carter','1953-10-22',20),(310,'Patricia Galvan','1963-09-13',84),(311,'Cindy Wilson','2008-03-04',48),(312,'George Short','1982-12-14',35),(313,'Joseph Herrera','2017-06-13',18),(314,'Steve Sanchez','1947-01-28',22),(315,'Shawn Kelly','2012-01-24',76),(316,'Sandra Murray','1987-11-28',24),(317,'Cristian Hall','1956-08-18',27),(318,'Olivia Walker','1987-12-31',19),(319,'Kaitlyn Davis','1981-09-28',7),(320,'Diane Martin','1971-09-20',69),(321,'Kathleen Campbell','1938-04-02',55),(322,'Erica Taylor','1987-05-17',65),(323,'Samantha Stevens','1945-09-27',52),(324,'Nancy Miller','1938-09-02',8),(325,'Ashley Weeks','1950-07-23',95),(326,'Austin Thomas','2007-09-09',20),(327,'Tracy Jensen','1978-01-01',5),(328,'Kimberly Warner','1989-03-22',97),(329,'Brooke Campbell','1938-12-29',54),(330,'Patricia Snyder','1940-05-15',84),(331,'Jonathan Lynch','2025-03-15',78),(332,'Diana Allen','1968-10-23',63),(333,'Eric Little','1979-03-07',44),(334,'Theresa Alexander','1989-09-15',77),(335,'Jesse Munoz','1983-02-19',3),(336,'Lawrence Caldwell','2019-01-24',69),(337,'Bridget Cook','1953-06-25',18),(338,'David Sexton','1954-04-11',58),(339,'Lauren Santiago','1994-06-09',68),(340,'Dawn Davis','1943-04-22',60),(341,'Justin Dennis','1954-08-14',98),(342,'Sandra Fuller','2008-01-23',32),(343,'Lisa Jordan','1968-11-15',20),(344,'Mary Carter','2002-04-27',6),(345,'Melissa Brooks','1974-04-09',68),(346,'Adriana Martin','2019-11-26',48),(347,'Jessica Poole','2013-07-06',59),(348,'Jessica Pena','1963-09-21',45),(349,'Kristina Parker','1961-06-08',28),(350,'Gary Harris','1968-10-10',33),(351,'Richard Lindsey','1935-01-13',8),(352,'Kristi Collins','1934-06-04',71),(353,'Virginia Anderson','1968-05-23',23),(354,'Andre Smith','2021-03-15',64),(355,'John Thomas','1950-03-03',50),(356,'Mr. Ian Thomas','1942-02-05',19),(357,'Joshua Lane','1979-10-11',83),(358,'David Dennis','1997-06-03',85),(359,'Jacqueline Hill','2015-08-30',62),(360,'Michael Smith','2000-07-25',83),(361,'Crystal Calderon','1934-07-20',87),(362,'Adrienne Erickson','2024-04-04',86),(363,'Julia Rocha','1957-06-21',73),(364,'Catherine Garcia','1943-03-09',2),(365,'Regina Clark','1969-04-17',38),(366,'Jennifer Edwards','1965-05-28',91),(367,'Jason Miller','1970-04-28',39),(368,'Stephanie Ramirez','2022-11-25',9),(369,'Elizabeth Sutton','1997-08-17',10),(370,'Michael Russo','2002-03-06',27),(371,'Amanda Hunt','1980-02-28',74),(372,'Jennifer Foster DDS','1980-04-16',91),(373,'Sarah Porter','1939-03-08',76),(374,'Tiffany Sellers','2013-12-20',13),(375,'Christopher Garza','2015-10-25',49),(376,'Sheila Sanchez','1944-02-23',86),(377,'Dawn Dickerson','1957-10-19',53),(378,'Jermaine Johns','1957-07-24',4),(379,'Heather Morris','2007-05-07',13),(380,'Ann Thornton','2022-11-19',13),(381,'Todd Sims','2009-10-19',61),(382,'Leslie Montgomery','2007-08-17',36),(383,'Nicholas Keller','1994-06-26',90),(384,'Nathaniel Jackson','1975-09-16',94),(385,'Adrian Richmond','1991-09-09',46),(386,'Shawn Gray','1936-02-09',43),(387,'Hannah Hart','1962-07-04',44),(388,'Sonia Conley','2008-04-19',21),(389,'Kelly Burton','2008-10-28',62),(390,'Rebecca Lewis','2005-10-12',27),(391,'Dominique Paul','2022-11-27',61),(392,'Edward Murphy','1975-09-12',9),(393,'Andrew Sharp','1972-12-30',34),(394,'Andre Barry','2001-04-14',38),(395,'Amanda Coleman','1988-05-21',77),(396,'Regina Patel','2024-04-11',34),(397,'Donna Grant','1945-11-21',83),(398,'Eileen Patel','1937-06-06',48),(399,'Richard Pham','1946-12-04',68),(400,'Denise Phillips','1972-05-17',6),(401,'Debra Lynn','1986-08-02',36),(402,'Julia Patel','1945-08-02',20),(403,'Holly Baker','1937-09-21',17),(404,'Angela Perry','1955-08-26',22),(405,'Deanna Lopez','1999-10-08',87),(406,'Timothy Miller','1948-12-16',16),(407,'Tina Davis','2015-10-13',50),(408,'Vanessa Hurley','1957-12-27',29),(409,'Victoria Costa','1966-09-14',17),(410,'Becky Becker','1987-03-14',32),(411,'Nicole Larson','2007-10-01',68),(412,'Jessica Aguilar','1940-11-18',10),(413,'Brittany Warner','1935-02-26',79),(414,'Allison Cox','1981-02-07',22),(415,'Richard Rodriguez','1940-01-09',80),(416,'Ruben Brooks','1996-06-04',16),(417,'Elizabeth Stanley','1981-12-09',97),(418,'John Case','1998-12-06',19),(419,'Christopher Lawson','1972-12-13',58),(420,'Kayla Chang','1941-01-06',58),(421,'John Stanley','2002-04-28',68),(422,'Stephen Allen','2016-08-17',7),(423,'Kristen Mann','2000-03-30',67),(424,'Robert Thomas','2020-06-23',79),(425,'Gina Freeman','1962-07-06',99),(426,'Christina Wang','2002-08-09',71),(427,'Debra Knox','2004-05-21',94),(428,'Corey Tyler','1978-05-18',38),(429,'Sarah Tucker','1982-02-15',58),(430,'Jeffrey Williams','1970-06-04',87),(431,'Nicholas Hernandez','1980-08-26',4),(432,'Jenna Flores','1949-12-07',80),(433,'Sheila Wilson','2019-03-26',28),(434,'Amanda Griffith','1979-08-08',69),(435,'Jacob Adams','1971-12-02',19),(436,'Dustin Anderson','1968-09-04',69),(437,'Joy Young','1992-06-13',24),(438,'Haley Kidd','2021-07-04',85),(439,'James Gomez','1958-11-10',95),(440,'Jessica Andrade','1973-11-08',93),(441,'Robert Carr','1987-10-13',66),(442,'Mario Parker','1954-08-09',34),(443,'Lisa Schneider','2006-05-02',76),(444,'Tina Phelps','1982-09-14',61),(445,'Tracy Rodriguez','1946-08-31',46),(446,'Janice Howard','2025-02-22',66),(447,'Anna Williamson','2023-04-20',45),(448,'Barry Jones','1996-03-03',67),(449,'Brandy Miller','1990-03-18',21),(450,'Michelle Villa','2012-06-15',44),(451,'Leslie Dean','1961-12-26',42),(452,'Joshua Pollard','2018-12-28',5),(453,'Elizabeth James','1997-03-03',54),(454,'Juan Johnson','1941-04-24',52),(455,'Sabrina Mcneil','1996-05-06',70),(456,'Joshua Burton','1989-12-22',1),(457,'Scott Dillon','2024-04-29',65),(458,'John Rodriguez','1995-01-06',100),(459,'Wayne Brewer','1951-05-10',35),(460,'Cassandra Johnson','1986-06-30',99),(461,'Rita Stone','1950-12-10',58),(462,'Robert Duarte','1972-03-19',64),(463,'Patricia Williams','1985-05-15',38),(464,'Patrick Cochran','1960-02-18',75),(465,'Amanda Barker','1937-02-06',5),(466,'Stephanie Gutierrez','2021-07-11',40),(467,'Trevor Hale','1939-09-27',54),(468,'Jeffrey Singh','2013-03-05',22),(469,'Michael Vega','1990-12-22',56),(470,'Jennifer Evans','2015-08-24',52),(471,'April Clark','2016-01-03',78),(472,'Diane Rodriguez','1995-04-08',84),(473,'Katherine Sanders','1942-12-26',76),(474,'Andrew Harris','2024-06-14',21),(475,'Frank Bradshaw','1962-06-05',72),(476,'Harold Anderson','2025-01-19',85),(477,'Cheryl Gray','1945-06-03',7),(478,'Jennifer Bryant','2002-02-22',35),(479,'Michelle Olson','1941-10-25',27),(480,'Joseph Harris','2023-12-16',1),(481,'Danielle Mclaughlin','2018-02-27',81),(482,'Matthew Ruiz','1973-06-04',13),(483,'Michael Jones','1934-05-24',44),(484,'Phillip Cummings','2002-02-07',69),(485,'Andrea James','1986-05-29',16),(486,'Samantha Harper','1977-09-06',10),(487,'Angela Walker','2006-07-31',86),(488,'Alexander Whitaker','1972-09-03',49),(489,'Holly Cole','2017-04-12',27),(490,'Stephanie Fernandez','1978-06-21',80),(491,'Raymond Phillips','1953-04-21',68),(492,'Stephanie Bishop','2002-03-18',38),(493,'Katherine Dennis','1942-11-27',36),(494,'Lawrence Reynolds','1942-04-19',61),(495,'Dr. Lisa Morales','1997-12-02',47),(496,'Sandra Green','1958-03-24',42),(497,'David Perry','2017-07-31',13),(498,'Herbert Pena','1960-03-05',71),(499,'Tony Mills','1934-10-10',99),(500,'Jake Allen','2006-09-05',81),(501,'Alexandria Kim','1980-04-07',10),(502,'Bethany Barker','1950-11-12',27),(503,'Pamela Bullock','2012-01-03',19),(504,'William Neal','1940-09-14',61),(505,'Jack Duncan','1966-01-14',9),(506,'Carmen Douglas','1997-09-12',14),(507,'Michael Moreno','1984-04-03',45),(508,'Theresa Johnson','1989-04-24',89),(509,'Heather Callahan','1967-10-27',12),(510,'Jacob Ingram','1942-02-10',17),(511,'Sandra Underwood','2015-04-27',51),(512,'Angela Holmes MD','1989-04-18',71),(513,'Madeline Richardson','2020-01-01',88),(514,'Amanda Brown','2018-01-04',73),(515,'Andrea Larson DVM','1968-01-13',25),(516,'Megan Lin','2006-10-02',1),(517,'Thomas Richardson','1949-04-17',60),(518,'Christopher Taylor','1936-10-25',84),(519,'Dr. Sarah Carlson DVM','1985-02-26',1),(520,'Virginia Burke','1937-04-04',97),(521,'Daniel Douglas','1948-03-27',50),(522,'David Walsh','1952-11-27',94),(523,'Jennifer Clements','1997-03-27',18),(524,'Wanda Jensen','1964-07-22',21),(525,'Tiffany Duncan','1947-08-15',47),(526,'Aaron Hale','2003-04-11',56),(527,'Lauren May','1961-08-06',55),(528,'Eric Sanchez','1960-07-22',46),(529,'Kelly Jarvis','1992-09-25',61),(530,'Charles Johnson','1983-01-13',87),(531,'Mr. James Phelps','2000-05-10',5),(532,'Michael Yang','1936-11-09',83),(533,'Melinda Thomas','1987-07-19',17),(534,'Carla White PhD','1937-08-30',100),(535,'Tommy Mccann','1943-06-01',45),(536,'Jaime Gonzales','1952-10-06',65),(537,'Jeffrey Oliver','1974-09-06',77),(538,'Jessica Drake','1979-03-06',66),(539,'Renee Allen','1936-04-26',4),(540,'Joseph Dodson','1937-10-03',19),(541,'Samuel Allen II','2006-08-10',82),(542,'Mrs. Caroline Mcgee','1990-10-29',43),(543,'Christopher Zimmerman','1958-09-18',11),(544,'Mark Stein','1943-04-25',11),(545,'Natasha Murray MD','1995-12-01',78),(546,'Gabriela Sullivan','1942-02-09',36),(547,'Brittany Baker','1986-09-07',26),(548,'Michael Kaiser','1960-01-11',38),(549,'Anthony Sharp','1948-08-27',99),(550,'Andrew Johnson','1973-03-06',48),(551,'Ronald Ortiz','1999-08-08',20),(552,'Kimberly Jackson','1983-09-18',44),(553,'David Boyd','2003-05-04',92),(554,'Paul Allen','1936-09-13',91),(555,'Robert Yu','1968-02-29',87),(556,'Sara Smith','1970-03-17',76),(557,'Jennifer Smith','1970-01-18',68),(558,'Brandon Jordan','1961-06-10',60),(559,'Andrew Crawford','1983-10-25',11),(560,'Cory Rivera','1987-12-24',81),(561,'Randy Herrera','2024-11-07',75),(562,'Michael Thompson','2000-06-01',37),(563,'Michael Young','1957-05-02',2),(564,'Timothy Sheppard','1980-11-08',96),(565,'Shelley Smith','1934-05-29',40),(566,'Molly Gonzalez','1965-06-05',41),(567,'Walter Park','1944-04-27',40),(568,'Melissa Le','1946-05-14',90),(569,'Dennis Bruce','1956-04-15',3),(570,'Matthew Fleming DDS','1944-05-06',69),(571,'Joshua Sullivan','1987-10-16',92),(572,'Erin Carroll','1971-06-27',5),(573,'Nancy House','1953-03-31',84),(574,'Joshua Peters','1960-01-08',26),(575,'Kristen Holt','2014-12-02',9),(576,'Dalton Lawson','1963-10-19',43),(577,'Meagan Hernandez','1945-09-19',80),(578,'Craig Mitchell','2021-04-19',72),(579,'Jessica Yang','1947-01-01',88),(580,'Brittany Brown','1948-01-27',36),(581,'Becky Taylor','1936-06-28',28),(582,'Tabitha Hicks','1961-01-21',18),(583,'Mary Stewart','2011-08-17',8),(584,'Diana Johnson','2006-04-28',87),(585,'Adam Schmidt','2022-12-25',32),(586,'Joshua Oconnell','2007-10-06',47),(587,'Mrs. Abigail Hubbard','1948-04-22',95),(588,'Ralph Davidson','2003-07-25',3),(589,'Thomas Daugherty','1976-04-10',39),(590,'James Patterson','2016-03-01',73),(591,'Cynthia Simmons','1948-11-27',84),(592,'Kathleen Bryan','1967-11-08',72),(593,'Michele Vaughn','1960-09-11',15),(594,'Antonio Cook','2006-12-05',31),(595,'Joshua Barry','2024-03-31',93),(596,'Brittany Wells','1950-08-09',91),(597,'Eugene Parks','2018-10-17',16),(598,'Kevin Hart','2005-01-17',93),(599,'Mike Morgan','1941-12-15',6),(600,'Nicholas Perkins','1984-02-05',33),(601,'Richard Hill','1973-03-10',96),(602,'Jose Brown','2000-04-26',55),(603,'Ashley Glenn','1989-10-27',15),(604,'Jason Odonnell','1949-08-18',66),(605,'Michael Thomas','1948-09-07',24),(606,'Brittany Huff','1989-02-06',20),(607,'Jason Landry','1985-05-15',17),(608,'David Lopez','1983-07-25',75),(609,'Sean Edwards','1958-12-19',70),(610,'Craig Kidd','1948-10-31',37),(611,'Catherine Hall','2003-03-01',25),(612,'Amy Garcia','2018-12-21',17),(613,'Nancy Jones','1991-10-27',77),(614,'Taylor Knox','1942-01-16',99),(615,'Adam Johnson','2008-08-28',9),(616,'Gwendolyn Hendrix','1951-03-18',21),(617,'Lisa Patterson','1970-03-18',40),(618,'Stephen Lane','2018-12-21',5),(619,'Ashley Thomas','2005-10-10',31),(620,'Ricky Herrera','1980-09-18',32),(621,'Colin Houston','1955-02-03',78),(622,'Matthew Keller','1950-10-05',70),(623,'Sheri Collins','1987-08-11',36),(624,'Jason Johnson','2008-07-12',89),(625,'Kevin Bell','1955-08-02',46),(626,'Robert Graham','1944-04-09',78),(627,'Victoria Friedman','1963-02-03',44),(628,'Christopher Taylor','1946-08-21',95),(629,'Laurie Carney','1963-03-12',51),(630,'Tyler Salinas DDS','2023-09-17',90),(631,'Kimberly Miller','2017-11-07',12),(632,'Kathryn Holland','1981-11-17',60),(633,'Kyle Pierce','1997-05-27',41),(634,'Jacob Scott','1986-05-17',44),(635,'Darryl Gray','2013-04-16',91),(636,'William Reynolds','1968-12-20',43),(637,'Donna Franklin','1995-05-02',78),(638,'Benjamin Anderson','1994-03-09',78),(639,'Tasha Norton','1942-04-11',31),(640,'Samantha Torres','2021-06-07',49),(641,'Steven Rodriguez','1957-07-22',34),(642,'Jasmine Cruz','2002-07-12',50),(643,'Yvonne Wright','1938-01-04',71),(644,'Michaela Ramsey','1951-11-17',30),(645,'Gina Chen','1946-08-01',17),(646,'Michael Hubbard','1974-05-28',75),(647,'Marissa Ellis','1939-01-08',57),(648,'Alicia Phillips','1945-12-13',48),(649,'Donna Gamble','1978-04-10',12),(650,'Craig Bennett','1946-07-25',19),(651,'Joseph Day','1978-01-15',16),(652,'Andrew Smith','1987-08-11',70),(653,'Jason Mclaughlin','1999-05-04',37),(654,'Paula Coleman','1988-11-18',15),(655,'Jennifer Sullivan','1967-09-21',85),(656,'Mrs. Kimberly Valenzuela','1989-03-24',45),(657,'Jennifer Martin','1998-02-27',83),(658,'Isaac Foley','2021-11-13',81),(659,'Courtney Williams','1959-02-15',62),(660,'Melissa Johnson','1936-08-04',81),(661,'Ashley Frazier','2023-06-07',59),(662,'Taylor Jones','1979-05-02',61),(663,'Kristin Davis','1962-06-24',89),(664,'Johnny Wood','1982-02-18',34),(665,'Michael Marshall','1938-04-26',31),(666,'Nicole Watson','1981-09-14',52),(667,'Kristen Johnson','2007-05-01',76),(668,'James Gregory','2007-10-12',13),(669,'Kyle Gregory','1983-04-14',88),(670,'Michael Shaffer','1935-08-30',100),(671,'Kyle Potts','1991-06-08',71),(672,'Hector Nguyen','1969-09-04',29),(673,'Mariah Young','1971-06-30',77),(674,'Melissa Harris','2021-05-18',81),(675,'Angela Kirby','1978-01-28',96),(676,'Timothy Fuller','2013-03-23',88),(677,'Greg Tucker','2004-03-14',76),(678,'Lynn Ellis','1946-08-16',53),(679,'Becky Roberts','2015-08-22',10),(680,'Toni Hall','1994-03-17',89),(681,'Karen Lee','1941-06-19',30),(682,'Kenneth Jones','1990-03-19',98),(683,'Laura Reed','1982-01-28',52),(684,'Joseph Gamble','1951-07-09',66),(685,'Gloria Vaughn','1973-03-18',49),(686,'Christina Turner','1968-06-08',85),(687,'Mark Williams','2015-04-24',69),(688,'Lauren Evans','2000-08-30',49),(689,'Caitlin Gardner','1980-12-17',78),(690,'Christian Ayala','1952-12-11',91),(691,'Matthew Mcdaniel','1955-05-16',80),(692,'David Collins','1971-04-22',28),(693,'Matthew Martinez','1988-04-03',7),(694,'Sara Gonzalez','1995-09-28',90),(695,'Leonard Hall','1982-08-03',69),(696,'Janet Hampton','1998-11-02',79),(697,'Mrs. Taylor Chambers','1967-10-13',73),(698,'Nicole Johnson','1986-08-30',15),(699,'Cassandra Prince','1940-01-29',53),(700,'Donald Collins','1966-06-19',85),(701,'Angela Mthunzi','1991-08-29',74);
/*!40000 ALTER TABLE `Patients` ENABLE KEYS */;
UNLOCK TABLES;

--
-- Table structure for table `Prescriptions`
--

DROP TABLE IF EXISTS `Prescriptions`;
/*!40101 SET @saved_cs_client     = @@character_set_client */;
/*!50503 SET character_set_client = utf8mb4 */;
CREATE TABLE `Prescriptions` (
  `Prescription_ID` int NOT NULL,
  `Doctor_ID` int NOT NULL,
  `Patient_ID` int NOT NULL,
  `Medication` varchar(50) NOT NULL,
  `Prescription_Date` date NOT NULL,
  PRIMARY KEY (`Prescription_ID`),
  KEY `Doctor_ID` (`Doctor_ID`),
  KEY `Patient_ID` (`Patient_ID`),
  CONSTRAINT `Prescriptions_ibfk_1` FOREIGN KEY (`Doctor_ID`) REFERENCES `Doctors` (`Doctor_ID`),
  CONSTRAINT `Prescriptions_ibfk_2` FOREIGN KEY (`Patient_ID`) REFERENCES `Patients` (`Patient_ID`)
) ENGINE=InnoDB DEFAULT CHARSET=utf8mb4 COLLATE=utf8mb4_0900_ai_ci;
/*!40101 SET character_set_client = @saved_cs_client */;

--
-- Dumping data for table `Prescriptions`
--

LOCK TABLES `Prescriptions` WRITE;
/*!40000 ALTER TABLE `Prescriptions` DISABLE KEYS */;
INSERT INTO `Prescriptions` VALUES (1,68,345,'Lisinopril','2023-10-23'),(2,12,631,'Atorvastatin','2023-04-11'),(3,81,500,'Lisinopril','2023-10-26'),(4,69,570,'Omeprazole','2023-08-08'),(5,3,303,'Aspirin','2023-12-10'),(6,27,370,'Lisinopril','2024-01-09'),(7,44,634,'Paracetamol','2024-01-03'),(8,61,444,'Amoxicillin','2024-11-05'),(9,52,323,'Ibuprofen','2024-04-30'),(10,58,420,'Omeprazole','2024-12-05'),(11,45,507,'Simvastatin','2025-01-13'),(12,25,611,'Atorvastatin','2023-11-01'),(13,49,685,'Ibuprofen','2024-11-24'),(14,59,293,'Simvastatin','2024-01-23'),(15,60,340,'Atorvastatin','2024-05-04'),(16,66,441,'Atorvastatin','2024-08-22'),(17,9,505,'Metformin','2024-03-14'),(18,70,652,'Losartan','2025-01-23'),(19,78,621,'Omeprazole','2024-01-06'),(20,87,584,'Simvastatin','2025-01-01'),(21,31,639,'Atorvastatin','2023-10-03'),(22,70,609,'Omeprazole','2023-03-27'),(23,69,434,'Ibuprofen','2023-04-22'),(24,28,581,'Losartan','2023-10-05'),(25,18,313,'Amoxicillin','2024-04-25'),(26,69,336,'Omeprazole','2024-11-07'),(27,65,218,'Atorvastatin','2023-08-30'),(28,18,189,'Omeprazole','2024-11-14'),(29,31,619,'Amoxicillin','2023-07-23'),(30,35,312,'Amoxicillin','2023-10-24'),(31,96,224,'Amoxicillin','2023-11-12'),(32,19,650,'Omeprazole','2025-03-07'),(33,37,289,'Metformin','2024-12-11'),(34,43,386,'Amoxicillin','2025-01-20'),(35,83,397,'Paracetamol','2024-12-26'),(36,56,469,'Atorvastatin','2025-02-04'),(37,7,422,'Omeprazole','2024-09-28'),(38,97,165,'Amoxicillin','2023-04-25'),(39,36,254,'Amoxicillin','2024-11-14'),(40,42,253,'Simvastatin','2025-01-31'),(41,75,646,'Lisinopril','2024-06-14'),(42,21,449,'Omeprazole','2023-11-14'),(43,34,664,'Simvastatin','2023-12-17'),(44,48,398,'Losartan','2023-07-25'),(45,71,498,'Atorvastatin','2023-09-07'),(46,19,503,'Lisinopril','2024-07-21'),(47,86,222,'Metformin','2025-03-04'),(48,78,626,'Paracetamol','2025-01-24'),(49,58,199,'Aspirin','2023-03-30'),(50,78,160,'Losartan','2023-11-03'),(51,45,348,'Paracetamol','2024-05-06'),(52,85,438,'Lisinopril','2024-09-20'),(53,19,318,'Omeprazole','2024-05-13'),(54,21,449,'Aspirin','2023-03-23'),(55,63,332,'Atorvastatin','2023-10-27'),(56,26,115,'Omeprazole','2024-04-21'),(57,6,400,'Lisinopril','2023-11-28'),(58,92,144,'Atorvastatin','2025-01-03'),(59,49,212,'Aspirin','2025-01-16'),(60,37,610,'Paracetamol','2024-01-04'),(61,56,526,'Aspirin','2025-02-15'),(62,36,256,'Aspirin','2023-07-08'),(63,58,429,'Metformin','2024-02-17'),(64,7,422,'Paracetamol','2023-04-10'),(65,52,454,'Lisinopril','2024-04-21'),(66,81,481,'Losartan','2024-04-11'),(67,84,234,'Metformin','2025-01-10'),(68,58,117,'Omeprazole','2023-09-10'),(69,64,135,'Metformin','2023-08-11'),(70,55,602,'Metformin','2024-01-10'),(71,95,252,'Atorvastatin','2024-04-28'),(72,62,359,'Ibuprofen','2023-05-04'),(73,85,476,'Omeprazole','2023-03-26'),(74,73,183,'Lisinopril','2025-02-14'),(75,3,151,'Amoxicillin','2024-04-25'),(76,6,344,'Ibuprofen','2024-01-31'),(77,40,567,'Amoxicillin','2024-05-22'),(78,43,235,'Omeprazole','2024-06-11'),(79,39,126,'Metformin','2023-06-21'),(80,94,241,'Ibuprofen','2024-07-16'),(81,51,629,'Atorvastatin','2024-06-02'),(82,60,632,'Ibuprofen','2024-10-13'),(83,18,249,'Aspirin','2024-11-22'),(84,81,481,'Losartan','2024-11-19'),(85,36,401,'Omeprazole','2024-04-25'),(86,55,527,'Losartan','2025-02-25'),(87,94,241,'Paracetamol','2024-10-27'),(88,69,434,'Ibuprofen','2024-05-06'),(89,55,602,'Lisinopril','2023-06-25'),(90,81,660,'Paracetamol','2023-12-31'),(91,83,657,'Aspirin','2023-07-28'),(92,68,102,'Amoxicillin','2024-10-17'),(93,6,267,'Atorvastatin','2024-04-25'),(94,94,201,'Ibuprofen','2025-03-10'),(95,85,153,'Losartan','2024-11-11'),(96,20,402,'Metformin','2023-06-04'),(97,19,503,'Simvastatin','2024-04-26'),(98,47,586,'Metformin','2023-11-03'),(99,13,379,'Ibuprofen','2024-11-06'),(100,96,675,'Atorvastatin','2024-12-10'),(101,29,672,'Metformin','2023-07-01'),(102,53,274,'Simvastatin','2024-12-16'),(103,98,341,'Omeprazole','2023-04-26'),(104,10,501,'Omeprazole','2023-04-12'),(105,39,589,'Aspirin','2023-09-11'),(106,7,422,'Atorvastatin','2024-01-28'),(107,78,545,'Losartan','2023-09-09'),(108,78,139,'Atorvastatin','2023-10-18'),(109,76,443,'Metformin','2024-06-22'),(110,96,675,'Omeprazole','2024-07-20'),(111,12,159,'Losartan','2025-03-10'),(112,93,598,'Atorvastatin','2024-05-25'),(113,61,529,'Amoxicillin','2024-07-11'),(114,7,693,'Amoxicillin','2024-03-08'),(115,29,302,'Losartan','2025-03-02'),(116,76,667,'Atorvastatin','2024-06-02'),(117,58,298,'Paracetamol','2023-04-03'),(118,52,323,'Amoxicillin','2023-12-22'),(119,69,434,'Atorvastatin','2024-09-12'),(120,56,469,'Metformin','2023-06-01'),(121,24,137,'Metformin','2025-03-18'),(122,93,188,'Aspirin','2023-05-24'),(123,17,645,'Amoxicillin','2024-03-15'),(124,39,589,'Amoxicillin','2023-07-17'),(125,90,158,'Metformin','2024-07-13'),(126,69,484,'Metformin','2024-05-09'),(127,12,649,'Ibuprofen','2024-11-11'),(128,71,299,'Amoxicillin','2023-04-01'),(129,78,545,'Losartan','2024-11-24'),(130,33,243,'Losartan','2025-01-09'),(131,80,195,'Atorvastatin','2024-12-19'),(132,84,573,'Ibuprofen','2023-03-30'),(133,58,420,'Paracetamol','2023-11-06'),(134,6,267,'Paracetamol','2024-12-02'),(135,41,182,'Ibuprofen','2023-05-15'),(136,1,261,'Atorvastatin','2023-12-30'),(137,17,607,'Aspirin','2024-10-19'),(138,38,394,'Ibuprofen','2023-06-18'),(139,49,227,'Simvastatin','2023-09-08'),(140,17,645,'Losartan','2024-11-20'),(141,52,323,'Losartan','2023-08-02'),(142,37,562,'Aspirin','2025-02-22'),(143,44,273,'Aspirin','2024-10-22'),(144,66,604,'Atorvastatin','2025-01-31'),(145,81,658,'Aspirin','2024-02-06'),(146,75,608,'Losartan','2024-02-13'),(147,87,405,'Metformin','2024-10-08'),(148,19,540,'Losartan','2023-12-08'),(149,1,516,'Metformin','2023-05-17'),(150,51,629,'Simvastatin','2024-07-06'),(151,34,664,'Ibuprofen','2024-09-20'),(152,34,147,'Losartan','2024-02-13'),(153,51,161,'Metformin','2025-02-01'),(154,89,680,'Paracetamol','2024-10-17'),(155,61,504,'Aspirin','2023-05-26'),(156,44,226,'Aspirin','2024-08-27'),(157,14,105,'Paracetamol','2023-03-24'),(158,8,324,'Metformin','2024-05-04'),(159,59,347,'Simvastatin','2023-04-01'),(160,66,684,'Omeprazole','2024-06-29'),(161,11,544,'Metformin','2025-03-20'),(162,44,198,'Metformin','2024-03-01'),(163,79,413,'Omeprazole','2023-09-21'),(164,85,700,'Simvastatin','2024-12-10'),(165,99,549,'Omeprazole','2023-04-06'),(166,71,299,'Aspirin','2024-04-24'),(167,66,604,'Losartan','2023-09-04'),(168,22,414,'Paracetamol','2024-08-08'),(169,67,231,'Lisinopril','2024-10-05'),(170,1,261,'Losartan','2023-07-05'),(171,71,109,'Paracetamol','2025-01-15'),(172,61,209,'Losartan','2023-05-11'),(173,96,187,'Simvastatin','2024-06-10'),(174,37,653,'Aspirin','2023-11-19'),(175,13,379,'Simvastatin','2024-03-02'),(176,68,491,'Omeprazole','2024-02-14'),(177,23,103,'Losartan','2025-03-20'),(178,19,540,'Aspirin','2023-05-03'),(179,9,575,'Omeprazole','2023-11-05'),(180,56,238,'Atorvastatin','2023-09-25'),(181,95,152,'Lisinopril','2023-12-15'),(182,12,631,'Amoxicillin','2024-06-09'),(183,61,444,'Ibuprofen','2024-07-08'),(184,22,263,'Paracetamol','2024-12-01'),(185,10,501,'Metformin','2023-08-30'),(186,81,660,'Ibuprofen','2023-11-13'),(187,7,477,'Paracetamol','2023-05-06'),(188,10,486,'Paracetamol','2023-09-03'),(189,49,488,'Omeprazole','2023-12-03'),(190,34,121,'Aspirin','2024-08-01'),(191,23,353,'Atorvastatin','2024-04-14'),(192,27,489,'Amoxicillin','2024-12-12'),(193,78,139,'Simvastatin','2024-01-30'),(194,17,403,'Simvastatin','2023-08-09'),(195,43,215,'Metformin','2024-06-30'),(196,26,574,'Ibuprofen','2024-04-19'),(197,46,445,'Losartan','2024-11-07'),(198,54,230,'Metformin','2023-08-20'),(199,90,568,'Lisinopril','2024-07-18'),(200,95,587,'Amoxicillin','2024-05-19'),(201,67,123,'Losartan','2025-03-02'),(202,11,229,'Atorvastatin','2023-08-31'),(203,12,509,'Ibuprofen','2023-10-14'),(204,24,137,'Metformin','2023-04-13'),(205,35,312,'Aspirin','2023-06-04'),(206,93,146,'Lisinopril','2025-03-03'),(207,68,102,'Atorvastatin','2024-06-14'),(208,43,235,'Metformin','2024-01-17'),(209,13,497,'Omeprazole','2024-06-03'),(210,20,606,'Simvastatin','2023-07-17'),(211,22,314,'Atorvastatin','2023-06-22'),(212,87,297,'Simvastatin','2024-05-07'),(213,27,317,'Aspirin','2023-05-18'),(214,87,106,'Atorvastatin','2023-06-08'),(215,99,425,'Atorvastatin','2024-10-22'),(216,92,553,'Ibuprofen','2024-06-27'),(217,34,393,'Simvastatin','2024-02-02'),(218,71,498,'Losartan','2024-11-14'),(219,10,412,'Omeprazole','2024-04-14'),(220,23,103,'Ibuprofen','2025-01-01'),(221,16,406,'Lisinopril','2024-01-20'),(222,86,376,'Paracetamol','2023-11-17'),(223,13,379,'Metformin','2024-04-18'),(224,50,642,'Amoxicillin','2024-08-18'),(225,2,210,'Aspirin','2024-09-09'),(226,13,497,'Ibuprofen','2023-08-03'),(227,38,171,'Ibuprofen','2023-12-08'),(228,81,560,'Losartan','2024-12-15'),(229,14,506,'Ibuprofen','2024-04-30'),(230,61,444,'Paracetamol','2025-02-16'),(231,22,404,'Omeprazole','2024-08-22'),(232,83,657,'Lisinopril','2024-10-23'),(233,60,340,'Losartan','2025-03-03'),(234,27,479,'Losartan','2024-02-12'),(235,81,481,'Losartan','2023-12-20'),(236,75,646,'Omeprazole','2025-02-21'),(237,74,163,'Losartan','2023-06-11'),(238,87,530,'Amoxicillin','2025-01-24'),(239,95,439,'Ibuprofen','2024-01-29'),(240,4,539,'Omeprazole','2023-11-03'),(241,39,589,'Amoxicillin','2024-06-10'),(242,27,370,'Amoxicillin','2024-07-04'),(243,44,483,'Amoxicillin','2024-10-08'),(244,54,230,'Ibuprofen','2023-10-31'),(245,99,499,'Ibuprofen','2024-04-27'),(246,75,284,'Losartan','2023-10-14'),(247,70,609,'Atorvastatin','2024-03-08'),(248,35,107,'Paracetamol','2023-08-02'),(249,3,303,'Atorvastatin','2023-04-07'),(250,44,239,'Losartan','2024-12-21'),(251,33,350,'Amoxicillin','2025-01-28'),(252,60,558,'Aspirin','2023-04-28'),(253,15,593,'Omeprazole','2024-09-24'),(254,94,427,'Lisinopril','2023-11-24'),(255,67,123,'Atorvastatin','2023-08-03'),(256,19,356,'Ibuprofen','2024-12-03'),(257,18,249,'Lisinopril','2024-02-15'),(258,26,115,'Metformin','2023-10-10'),(259,66,446,'Simvastatin','2024-10-28'),(260,99,499,'Aspirin','2023-04-24'),(261,37,289,'Metformin','2024-07-04'),(262,47,495,'Paracetamol','2023-12-07'),(263,34,396,'Losartan','2023-12-11'),(264,61,209,'Ibuprofen','2024-01-18'),(265,4,140,'Atorvastatin','2023-08-04'),(266,7,319,'Amoxicillin','2023-12-23'),(267,73,590,'Paracetamol','2023-12-25'),(268,26,547,'Losartan','2024-06-01'),(269,54,175,'Simvastatin','2024-06-16'),(270,73,590,'Amoxicillin','2023-10-13'),(271,3,569,'Amoxicillin','2024-05-19'),(272,2,563,'Losartan','2024-06-24'),(273,12,204,'Paracetamol','2024-07-31'),(274,19,540,'Amoxicillin','2023-08-01'),(275,95,217,'Metformin','2024-04-07'),(276,34,396,'Lisinopril','2023-08-16'),(277,71,643,'Lisinopril','2024-11-10'),(278,1,480,'Losartan','2024-11-28'),(279,49,227,'Simvastatin','2024-04-16'),(280,30,644,'Atorvastatin','2025-01-20'),(281,13,482,'Simvastatin','2023-08-04'),(282,35,312,'Aspirin','2023-05-22'),(283,76,556,'Paracetamol','2023-07-11'),(284,1,519,'Simvastatin','2025-03-04'),(285,68,421,'Aspirin','2023-04-24'),(286,36,254,'Ibuprofen','2023-06-08'),(287,95,217,'Aspirin','2023-07-17'),(288,43,233,'Metformin','2023-10-10'),(289,32,620,'Amoxicillin','2024-12-14'),(290,36,623,'Amoxicillin','2024-12-28'),(291,98,124,'Amoxicillin','2023-11-30'),(292,25,611,'Simvastatin','2024-05-23'),(293,16,406,'Losartan','2024-07-13'),(294,9,615,'Metformin','2023-10-24'),(295,73,697,'Lisinopril','2023-08-27'),(296,34,114,'Amoxicillin','2024-10-27'),(297,94,522,'Amoxicillin','2023-04-29'),(298,94,250,'Ibuprofen','2023-12-07'),(299,44,552,'Ibuprofen','2024-12-19'),(300,60,558,'Simvastatin','2023-11-02'),(301,73,170,'Ibuprofen','2023-04-03'),(302,86,269,'Lisinopril','2024-11-08'),(303,91,366,'Losartan','2024-08-03'),(304,53,699,'Amoxicillin','2025-01-30'),(305,62,279,'Paracetamol','2023-05-17'),(306,27,176,'Metformin','2025-02-15'),(307,40,617,'Lisinopril','2023-09-12'),(308,93,595,'Simvastatin','2025-01-12'),(309,69,695,'Amoxicillin','2024-12-07'),(310,77,184,'Amoxicillin','2023-11-10'),(311,94,250,'Amoxicillin','2025-01-28'),(312,53,699,'Amoxicillin','2024-03-22'),(313,55,527,'Aspirin','2023-07-29'),(314,80,432,'Lisinopril','2023-12-06'),(315,87,106,'Losartan','2023-06-13'),(316,58,117,'Lisinopril','2024-05-25'),(317,51,161,'Paracetamol','2024-11-19'),(318,19,356,'Losartan','2023-08-23'),(319,31,594,'Omeprazole','2024-07-06'),(320,3,303,'Simvastatin','2023-07-13'),(321,39,126,'Simvastatin','2025-02-08'),(322,26,115,'Lisinopril','2023-09-23'),(323,64,305,'Metformin','2023-10-19'),(324,17,265,'Simvastatin','2023-12-25'),(325,27,370,'Metformin','2025-01-07'),(326,12,509,'Metformin','2023-05-25'),(327,12,204,'Aspirin','2023-09-27'),(328,95,439,'Amoxicillin','2023-04-20'),(329,93,188,'Ibuprofen','2024-06-23'),(330,21,449,'Ibuprofen','2023-07-03'),(331,17,270,'Omeprazole','2024-01-07'),(332,32,585,'Amoxicillin','2024-04-25'),(333,99,240,'Atorvastatin','2025-03-13'),(334,77,673,'Lisinopril','2023-05-30'),(335,1,261,'Paracetamol','2024-02-04'),(336,5,327,'Paracetamol','2024-04-22'),(337,68,411,'Lisinopril','2023-07-17'),(338,31,190,'Simvastatin','2023-04-14'),(339,44,239,'Aspirin','2024-11-12'),(340,77,334,'Paracetamol','2023-06-01'),(341,24,137,'Paracetamol','2024-12-14'),(342,47,211,'Metformin','2024-07-15'),(343,71,120,'Ibuprofen','2023-05-14'),(344,8,324,'Ibuprofen','2024-04-11'),(345,74,122,'Simvastatin','2023-12-29'),(346,56,526,'Paracetamol','2023-09-16'),(347,9,615,'Simvastatin','2024-12-01'),(348,94,427,'Aspirin','2023-07-22'),(349,79,424,'Atorvastatin','2024-07-14'),(350,91,596,'Metformin','2024-01-13'),(351,34,150,'Paracetamol','2023-11-12'),(352,96,224,'Aspirin','2023-09-14'),(353,20,551,'Omeprazole','2023-10-29'),(354,99,425,'Omeprazole','2024-11-30'),(355,90,174,'Ibuprofen','2023-06-18'),(356,98,221,'Losartan','2023-12-09'),(357,12,159,'Ibuprofen','2023-06-19'),(358,5,465,'Metformin','2024-04-14'),(359,60,517,'Aspirin','2023-12-05'),(360,14,105,'Aspirin','2023-04-11'),(361,24,605,'Amoxicillin','2023-06-03'),(362,56,148,'Metformin','2023-05-29'),(363,80,490,'Metformin','2023-07-03'),(364,29,672,'Metformin','2023-07-26'),(365,11,559,'Amoxicillin','2023-07-05'),(366,6,344,'Lisinopril','2024-12-18'),(367,85,686,'Simvastatin','2023-08-08'),(368,65,192,'Omeprazole','2024-04-22'),(369,43,576,'Lisinopril','2023-09-26'),(370,66,136,'Lisinopril','2024-02-06'),(371,33,243,'Amoxicillin','2024-07-05'),(372,96,224,'Losartan','2025-03-06'),(373,28,581,'Metformin','2023-10-13'),(374,99,549,'Losartan','2024-01-11'),(375,55,169,'Simvastatin','2023-12-12'),(376,6,267,'Simvastatin','2023-05-15'),(377,19,292,'Paracetamol','2024-10-13'),(378,67,108,'Aspirin','2024-02-11'),(379,36,401,'Amoxicillin','2023-10-12'),(380,8,583,'Atorvastatin','2023-05-25'),(381,95,325,'Amoxicillin','2024-04-15'),(382,68,339,'Ibuprofen','2023-11-10'),(383,54,230,'Metformin','2024-09-24'),(384,19,356,'Ibuprofen','2023-08-25'),(385,44,483,'Aspirin','2024-10-01'),(386,17,403,'Aspirin','2024-03-06'),(387,55,321,'Ibuprofen','2023-09-18'),(388,87,584,'Metformin','2024-11-30'),(389,12,631,'Lisinopril','2024-12-08'),(390,48,648,'Omeprazole','2024-08-26'),(391,53,678,'Simvastatin','2024-02-19'),(392,13,497,'Amoxicillin','2024-08-25'),(393,45,656,'Lisinopril','2024-10-08'),(394,56,526,'Simvastatin','2024-07-27'),(395,100,670,'Paracetamol','2024-09-02'),(396,55,602,'Ibuprofen','2024-10-15'),(397,56,238,'Omeprazole','2024-02-24'),(398,19,318,'Atorvastatin','2023-04-17'),(399,94,384,'Lisinopril','2023-08-04'),(400,60,558,'Atorvastatin','2023-11-26'),(401,22,414,'Atorvastatin','2024-08-12'),(402,95,252,'Metformin','2024-10-29'),(403,66,604,'Atorvastatin','2023-07-17'),(404,95,325,'Omeprazole','2023-11-05'),(405,80,294,'Lisinopril','2024-12-22'),(406,87,584,'Omeprazole','2023-07-14'),(407,76,667,'Lisinopril','2024-01-29'),(408,73,697,'Aspirin','2024-01-16'),(409,92,571,'Amoxicillin','2024-01-25'),(410,73,363,'Atorvastatin','2024-02-26'),(411,78,638,'Lisinopril','2024-09-30'),(412,83,245,'Aspirin','2023-06-02'),(413,38,548,'Omeprazole','2023-03-21'),(414,4,431,'Simvastatin','2023-04-09'),(415,25,286,'Ibuprofen','2024-08-11'),(416,25,515,'Atorvastatin','2023-06-12'),(417,42,496,'Metformin','2024-01-26'),(418,44,634,'Lisinopril','2023-04-14'),(419,93,595,'Losartan','2023-10-03'),(420,2,563,'Paracetamol','2024-09-04'),(421,22,468,'Omeprazole','2025-03-07'),(422,62,359,'Metformin','2024-08-17'),(423,4,140,'Amoxicillin','2024-06-18'),(424,74,163,'Atorvastatin','2023-10-14'),(425,72,248,'Lisinopril','2023-04-27'),(426,43,235,'Ibuprofen','2024-04-28'),(427,61,391,'Amoxicillin','2025-01-08'),(428,8,351,'Omeprazole','2023-05-31'),(429,91,596,'Omeprazole','2024-12-03'),(430,16,651,'Paracetamol','2023-08-08'),(431,42,451,'Losartan','2023-11-13'),(432,38,548,'Atorvastatin','2024-07-02'),(433,65,232,'Paracetamol','2023-09-27'),(434,32,145,'Lisinopril','2023-11-21'),(435,73,697,'Lisinopril','2024-12-05'),(436,16,416,'Amoxicillin','2023-07-29'),(437,71,283,'Aspirin','2024-08-06'),(438,32,620,'Aspirin','2025-01-05'),(439,34,150,'Losartan','2024-04-21'),(440,84,330,'Simvastatin','2024-01-08'),(441,58,429,'Paracetamol','2024-09-28'),(442,50,407,'Omeprazole','2023-07-18'),(443,78,637,'Paracetamol','2024-11-07'),(444,67,448,'Simvastatin','2024-06-16'),(445,69,436,'Paracetamol','2024-12-14'),(446,92,553,'Simvastatin','2024-03-31'),(447,38,548,'Lisinopril','2024-12-24'),(448,32,145,'Ibuprofen','2025-02-07'),(449,42,451,'Omeprazole','2023-09-12'),(450,78,160,'Omeprazole','2024-12-16'),(451,71,498,'Paracetamol','2023-08-31'),(452,84,234,'Metformin','2024-03-16'),(453,71,109,'Atorvastatin','2023-07-20'),(454,92,553,'Losartan','2024-07-26'),(455,72,578,'Omeprazole','2024-01-24'),(456,67,231,'Paracetamol','2024-10-02'),(457,44,198,'Omeprazole','2024-06-29'),(458,46,625,'Lisinopril','2024-08-27'),(459,37,610,'Ibuprofen','2023-10-17'),(460,98,124,'Amoxicillin','2023-12-18'),(461,98,124,'Omeprazole','2023-04-12'),(462,11,543,'Simvastatin','2024-03-26'),(463,93,598,'Amoxicillin','2024-02-18'),(464,99,499,'Amoxicillin','2023-11-29'),(465,93,595,'Paracetamol','2024-11-16'),(466,51,511,'Omeprazole','2023-04-29'),(467,43,542,'Amoxicillin','2024-04-20'),(468,41,566,'Lisinopril','2024-09-28'),(469,41,566,'Losartan','2024-03-18'),(470,71,498,'Lisinopril','2023-04-28'),(471,12,649,'Metformin','2023-04-10'),(472,35,312,'Ibuprofen','2023-04-08'),(473,67,123,'Metformin','2024-10-08'),(474,64,462,'Atorvastatin','2025-02-07'),(475,55,602,'Omeprazole','2024-10-19'),(476,64,462,'Simvastatin','2024-04-29'),(477,75,646,'Aspirin','2024-11-21'),(478,67,207,'Losartan','2024-09-26'),(479,87,530,'Ibuprofen','2023-04-29'),(480,36,268,'Simvastatin','2024-06-21'),(481,78,621,'Metformin','2023-06-15'),(482,30,681,'Simvastatin','2023-04-19'),(483,18,582,'Aspirin','2025-03-03'),(484,100,141,'Losartan','2024-06-13'),(485,77,334,'Paracetamol','2024-07-27'),(486,7,319,'Atorvastatin','2024-12-21'),(487,84,310,'Omeprazole','2024-08-12'),(488,41,280,'Paracetamol','2023-10-25'),(489,19,318,'Omeprazole','2023-09-11'),(490,31,190,'Paracetamol','2024-01-30'),(491,1,203,'Atorvastatin','2023-06-01'),(492,67,155,'Ibuprofen','2023-09-05'),(493,59,164,'Metformin','2023-07-27'),(494,91,554,'Ibuprofen','2023-04-27'),(495,62,220,'Simvastatin','2023-10-06'),(496,10,412,'Metformin','2024-08-19'),(497,41,182,'Losartan','2024-02-21'),(498,21,308,'Atorvastatin','2025-02-25'),(499,48,648,'Losartan','2023-05-01'),(500,9,615,'Amoxicillin','2023-09-17');
/*!40000 ALTER TABLE `Prescriptions` ENABLE KEYS */;
UNLOCK TABLES;
/*!40103 SET TIME_ZONE=@OLD_TIME_ZONE */;

/*!40101 SET SQL_MODE=@OLD_SQL_MODE */;
/*!40014 SET FOREIGN_KEY_CHECKS=@OLD_FOREIGN_KEY_CHECKS */;
/*!40014 SET UNIQUE_CHECKS=@OLD_UNIQUE_CHECKS */;
/*!40101 SET CHARACTER_SET_CLIENT=@OLD_CHARACTER_SET_CLIENT */;
/*!40101 SET CHARACTER_SET_RESULTS=@OLD_CHARACTER_SET_RESULTS */;
/*!40101 SET COLLATION_CONNECTION=@OLD_COLLATION_CONNECTION */;
/*!40111 SET SQL_NOTES=@OLD_SQL_NOTES */;

-- Dump completed on 2026-02-16 11:05:30
